,precision,recall,f1-score,support
palm,1.0,1.0,1.0,200.0
l,0.9950248756218906,1.0,0.9975062344139651,200.0
fist,1.0,1.0,1.0,200.0
fist_moved,1.0,1.0,1.0,200.0
thumb,1.0,1.0,1.0,200.0
index,1.0,1.0,1.0,200.0
ok,1.0,1.0,1.0,200.0
palm_moved,1.0,1.0,1.0,200.0
c,1.0,1.0,1.0,200.0
down,1.0,0.995,0.9974937343358395,200.0
accuracy,0.9995,0.9995,0.9995,0.9995
macro avg,0.9995024875621891,0.9994999999999999,0.9994999968749804,2000.0
weighted avg,0.9995024875621891,0.9995,0.9994999968749805,2000.0
