,precision,recall,f1-score,support
palm,1.0,1.0,1.0,200.0
l,0.9852216748768473,1.0,0.9925558312655087,200.0
fist,1.0,1.0,1.0,200.0
fist_moved,1.0,1.0,1.0,200.0
thumb,1.0,1.0,1.0,200.0
index,1.0,1.0,1.0,200.0
ok,1.0,1.0,1.0,200.0
palm_moved,1.0,1.0,1.0,200.0
c,1.0,1.0,1.0,200.0
down,1.0,0.985,0.9924433249370277,200.0
accuracy,0.9985,0.9985,0.9985,0.9985
macro avg,0.9985221674876847,0.9984999999999999,0.9984999156202538,2000.0
weighted avg,0.9985221674876847,0.9985,0.9984999156202536,2000.0
