{
  "macro_auc": 0.9999816666666668,
  "micro_auc": 0.999851861111111
}